sentence_id,sentence_coding,parent_coding
1621,"[0, 1, 2, 3, 4, -1, -1, 5, 6]","[-1, 0, 1, 2, 3, 4, 5, -1, 6]"
374,"[0, 1, 2, 3, 4, 5, 6, 7, 8, 9, 10, -1, -1, -1, -1, -1, -1, 11, 12, 13, 14, 15, 16, 17]","[0, 1, 2, 3, 4, 5, 6, 7, 8, 9, 10, 11, 12, 13, 14, 15, 16, -1, -1, -1, -1, -1, 17, 18]"
455,"[0, 1, 2, 3, 4, 5, -1, -1, 6, 7, 8, 9, 10, 11, 12, 13, 14, 15, 16, 17, 18, 19]","[0, 1, 2, 3, 4, 5, 6, 7, 8, 9, -1, -1, 10, 11, 12, 13, 14, 15, 16, 17, 18, 19]"
2438,"[0, 1, 2, -1, 3, 4, 5, 6, 7, 8, 9, 10, 11, 12, 13, 14, 15, 16, 17, 18, 19, 20]","[0, 1, 2, 3, 4, 5, 6, 7, 8, 9, 10, 11, 12, 13, 14, 15, 16, 17, 18, 19, -1, 20]"
3683,"[0, 1, 2, 3, 4, 5, 6, 7, 8, 9, 10, 11, 12, 13]","[0, 1, 2, 3, 4, 5, 6, 7, 8, 9, 10, 11, 12, 13]"
3358,"[0, 1, 2, 3, 4, 5, 6, 7, 8, 9, 10, 11]","[0, 1, 2, 3, 4, 5, 6, 7, 8, 9, 10, 11]"
2514,"[0, 1, 2, 3, 4, 5, -1, -1, -1, -1]","[0, 1, 2, 3, 4, 5, 6, 7, 8, 9]"
2184,"[0, 1, 2, 3, 4, 5, 6, -1, 7, 8, 9, 10, 11, 12, 13, 14, -1, -1, -1, -1, -1, -1]","[0, 1, 2, 3, 4, 5, 6, 7, 8, 9, 10, 11, 12, 13, 14, 15, 16, 17, 18, 19, 20, 21]"
1748,"[0, 1, 2, 3, 4, 5, 6, 7, 8, 9, 10, 11, 12]","[0, 1, 2, 3, 4, 5, 6, 7, 8, 9, 10, 11, -1]"
2907,"[0, 1, 2, -1, -1, -1, 3, 4, 5, 6, 7, 8, 9, 10, 11, -1, 12, 13, 14]","[0, 1, 2, 3, 4, 5, 6, 7, 8, 9, 10, 11, 12, 13, 14, 15, 16, 17, 18]"
2805,"[0, 1, 2, 3, 4, 5, 6, 7, 8, 9, -1, 10, 11, 12, 13, 14, 15, 16, 17, 18, 19, 20]","[0, 1, 2, 3, 4, 5, 6, 7, 8, 9, 10, 11, 12, 13, 14, 15, 16, 17, 18, 19, 20, 21]"
682,"[0, 1, 2, 3, 4, 5, 6, 7, 8, -1, -1, 9, 10, 11, 12, 13, 14, 15, 16, 17]","[0, 1, 2, 3, -1, 4, 5, 6, 7, 8, 9, 10, 11, 12, 13, 14, 15, 16, 17, 18]"
3230,"[0, 1, 2, 3, 4, 5, 6, 7, -1, -1, -1]","[0, 1, 2, 3, 4, 5, 6, 7, 8, 9, 10]"
454,"[0, 1, 2, 3, 4, 5, 6, 7, 8, -1, -1, -1, 9, 10, 11, 12, 13, 14, 15, 16, 17, 18, 19]","[0, 1, 2, 3, 4, 5, 6, 7, 8, 9, 10, 11, 12, -1, 13, 14, 15, 16, 17, 18, 19, 20, 21]"
1660,"[0, 1, 2, 3, 4, 5, -1, -1, -1, 6, 7, 8, 9, 10, -1, -1, -1, -1, -1, 11, 12, 13]","[0, 1, 2, 3, 4, 5, 6, 7, 8, -1, -1, -1, 9, 10, 11, 12, 13, 14, 15, -1, -1, -1]"
218,"[0, 1, 2, 3, 4, 5, -1, -1, -1, -1, 6, 7, 8, 9, 10, 11, 12, 13, 14, 15, 16, 17, 18, 19, 20, 21]","[0, 1, 2, 3, 4, 5, 6, 7, 8, 9, 10, 11, 12, 13, 14, 15, 16, 17, 18, 19, 20, 21, 22, 23, 24, 25]"
2784,"[0, 1, 2, 3, 4, 5, 6, 7, 8, 9, -1, -1, -1, -1, -1, -1, -1, -1, -1, -1, 10, 11, 12, 13, 14, 15, 16, 17, 18, 19, 20, 21, 22, 23, 24, 25, 26, 27, 28, 29, 30, -1, 31, 32]","[0, 1, -1, -1, 2, 3, 4, 5, 6, 7, 8, 9, 10, 11, 12, 13, 14, 15, 16, 17, -1, 18, 19, 20, 21, 22, 23, 24, 25, 26, 27, 28, 29, 30, 31, 32, 33, 34, 35, 36, 37, 38, 39, 40]"
2181,"[0, 1, 2, -1, -1, 3, -1, -1, 4, 5, 6]","[0, 1, 2, 3, 4, 5, 6, 7, -1, -1, -1]"
219,"[0, 1, 2, 3, 4, 5, 6, 7, 8, 9, 10, 11, -1, 12, 13, 14, 15, 16, 17, 18, 19, 20, 21]","[0, 1, 2, 3, 4, 5, 6, 7, 8, 9, 10, 11, 12, 13, 14, 15, 16, 17, 18, 19, 20, 21, 22]"
372,"[0, 1, 2, 3, 4, 5, 6, 7, 8, 9, 10, 11, 12, 13, 14, 15, 16, 17, 18, 19, 20, -1, 21, 22, 23]","[0, 1, 2, 3, 4, 5, 6, 7, 8, 9, 10, 11, 12, 13, 14, 15, 16, 17, 18, 19, 20, 21, 22, 23, 24]"
1267,"[0, 1, 2, 3, 4, 5, 6, 7, 8, 9, 10, 11]","[0, 1, 2, 3, 4, 5, 6, 7, 8, 9, 10, 11]"
2618,"[0, 1, 2, 3, 4, 5, 6]","[0, 1, 2, 3, 4, 5, 6]"
97,"[0, 1, 2, 3, 4, 5, 6, 7, 8, 9, 10, 11, 12, 13, 14, 15, 16, 17, 18]","[0, 1, 2, 3, 4, 5, 6, 7, 8, 9, 10, 11, 12, 13, 14, 15, 16, 17, 18]"
1135,"[0, 1, 2, 3, 4, 5, 6, 7, 8, 9, 10, -1, 11, 12, -1, 13]","[0, 1, 2, 3, 4, 5, 6, 7, 8, 9, 10, 11, -1, 12, 13, -1]"
3988,"[0, 1, 2, 3, 4, 5, 6, 7, 8, 9, 10, 11, 12, 13, 14, 15, 16, 17, 18]","[0, 1, 2, 3, 4, 5, 6, 7, 8, 9, 10, 11, 12, 13, 14, 15, 16, 17, 18]"
2764,"[0, 1, 2, 3, -1, 4, 5, 6, 7, 8, 9, 10, 11, 12, 13, 14, -1, -1, -1]","[0, 1, 2, 3, 4, 5, 6, 7, 8, 9, 10, 11, 12, 13, 14, 15, 16, 17, 18]"
1679,"[0, 1, 2, -1, -1, -1, 3, 4, 5, 6, -1, 7, 8, -1, -1, 9, 10, 11, 12, -1, -1, -1]","[0, 1, 2, 3, 4, 5, 6, 7, 8, 9, 10, 11, 12, 13, 14, -1, -1, -1, 15, 16, 17, 18]"
867,"[0, 1, 2, 3, 4, 5, -1, -1, -1, -1, -1, -1, -1, -1]","[0, 1, 2, 3, 4, 5, 6, 7, 8, 9, 10, 11, 12, 13]"
1559,"[0, 1, 2, -1, -1, -1, 3, 4, 5, 6, 7, 8, 9, 10, 11, 12, -1, -1, -1]","[0, 1, 2, 3, 4, 5, 6, 7, 8, 9, 10, 11, 12, 13, 14, 15, 16, 17, 18]"
54,"[0, 1, 2, 3, 4, 5, 6, 7, 8, -1, -1, 9, 10, 11, 12, 13, 14, 15, 16, 17, 18, 19, 20, 21, 22, -1, -1, 23]","[0, 1, 2, 3, 4, 5, 6, 7, 8, 9, 10, -1, 11, 12, 13, -1, 14, 15, 16, 17, 18, 19, 20, 21, 22, 23, 24, -1]"
1778,"[0, 1, 2, 3, 4, 5, 6, 7, 8, 9, -1, -1, -1]","[0, 1, 2, 3, 4, 5, 6, 7, 8, 9, 10, 11, 12]"
250,"[0, 1, 2, 3, 4, 5, 6, 7, 8, 9, -1, -1, -1, -1, -1, -1]","[0, 1, 2, 3, 4, 5, 6, 7, 8, 9, 10, 11, 12, 13, 14, 15]"
1792,"[0, 1, 2, 3, 4, 5, 6, 7]","[0, 1, 2, 3, 4, 5, 6, 7]"
1142,"[0, 1, 2, 3, 4, 5, 6, 7, 8, 9, 10, 11, 12, 13, 14, -1, 15, 16, 17, 18, 19, 20, 21, 22]","[0, 1, 2, 3, 4, 5, 6, -1, 7, 8, 9, 10, 11, 12, 13, 14, 15, 16, 17, 18, 19, 20, 21, 22]"
1249,"[0, 1, 2, 3, 4, 5, 6, 7, 8, 9, 10, 11, 12, 13, -1, -1, -1, -1, 14]","[0, 1, 2, 3, 4, 5, 6, 7, 8, 9, 10, 11, 12, 13, 14, 15, 16, 17, -1]"
1098,"[0, 1, 2, 3, 4, 5, 6, 7]","[0, 1, 2, 3, 4, 5, 6, 7]"
697,"[0, 1, 2, 3, 4, 5, 6, 7, 8, 9, 10, -1, -1, -1, 11, -1, 12, 13, 14, 15, 16, 17, -1]","[0, 1, 2, 3, 4, 5, 6, 7, 8, 9, 10, 11, 12, 13, 14, 15, -1, -1, -1, 16, -1, 17, 18]"
68,"[0, 1, 2, 3, 4, 5, 6, 7, 8, 9, -1, -1, -1, 10, 11, 12, 13, 14, 15, 16, 17, 18, -1, -1, 19, 20, 21, 22]","[0, 1, 2, 3, 4, 5, 6, 7, 8, 9, 10, 11, 12, 13, -1, -1, -1, -1, 14, 15, 16, 17, 18, 19, -1, -1, -1, 20]"
1083,"[0, 1, 2, 3, 4, 5, 6, 7, 8, 9, 10, 11, 12, 13, 14, 15, 16]","[0, 1, 2, 3, 4, 5, 6, 7, 8, 9, 10, 11, 12, 13, 14, 15, 16]"
928,"[0, 1, 2, 3, 4, 5, -1, -1, 6, 7, -1, -1, 8, 9, 10, 11, 12, 13, 14, 15, 16, 17, 18]","[0, 1, 2, 3, 4, 5, 6, 7, 8, 9, 10, 11, -1, -1, -1, 12, -1, 13, 14, 15, 16, 17, 18]"
217,"[0, 1, 2, 3, 4, 5, 6, 7, 8, 9, 10, 11, 12, 13, 14, 15, 16, 17, 18, 19]","[0, 1, 2, 3, 4, 5, 6, 7, 8, 9, 10, 11, 12, 13, 14, 15, 16, 17, 18, 19]"
634,"[0, -1, -1, 1, 2, 3, 4, 5, -1, -1, 6, 7, 8, 9, -1, -1, 10, 11, 12, 13, -1, 14, 15, 16, 17, 18, 19, 20]","[0, 1, 2, -1, -1, -1, 3, 4, 5, 6, -1, -1, 7, 8, 9, 10, 11, 12, 13, 14, 15, -1, -1, 16, 17, 18, 19, 20]"
3192,"[0, 1, 2, 3, 4, 5, 6, 7, 8]","[0, 1, 2, 3, 4, 5, 6, 7, 8]"
1280,"[0, 1, 2, 3, 4, 5, 6, 7, 8, 9, 10, -1, -1]","[0, 1, 2, 3, 4, 5, 6, 7, 8, 9, 10, 11, 12]"
3058,"[0, 1, -1, -1, -1, -1, 2, -1, 3, 4, 5, 6, 7, 8, 9, 10, 11, 12, 13, 14]","[0, 1, 2, 3, 4, 5, 6, 7, 8, 9, 10, 11, 12, 13, 14, -1, -1, -1, -1, -1]"
1503,"[0, 1, 2, 3, 4, 5, 6, 7, 8, 9, 10, 11, -1, 12, -1, -1, -1, -1, -1, 13, 14, 15, 16]","[0, 1, 2, 3, 4, 5, 6, 7, 8, 9, 10, 11, 12, 13, 14, 15, 16, 17, 18, -1, -1, 19, 20]"
3651,"[0, 1, 2, 3, 4, 5, 6, 7, 8, 9, -1, -1, -1, -1, -1, 10]","[0, 1, 2, 3, 4, 5, 6, 7, 8, 9, 10, 11, 12, 13, 14, -1]"
1920,"[0, 1, 2, 3, 4, -1, 5, 6, 7, 8, 9, 10, 11, -1, -1, 12, 13, 14, 15]","[0, 1, 2, 3, 4, 5, 6, 7, 8, 9, 10, 11, 12, 13, 14, 15, 16, 17, 18]"
110,"[0, 1, 2, -1, -1, -1, 3, 4, -1, 5, 6, 7, 8, -1, -1, -1, -1, 9, 10, 11, 12, 13]","[0, 1, 2, 3, 4, 5, -1, 6, 7, 8, 9, 10, 11, 12, 13, 14, 15, 16, 17, 18, 19, 20]"
2067,"[0, 1, 2, 3, 4, 5, 6, -1, -1, -1, -1, 7, 8, 9, -1, -1, -1, -1, -1, -1, -1, -1, -1, -1]","[0, 1, 2, 3, -1, 4, 5, 6, 7, 8, 9, 10, 11, 12, 13, 14, 15, 16, 17, 18, 19, 20, 21, 22]"
989,"[0, 1, 2, 3, -1, 4, 5, 6, 7, 8, -1, -1, 9, 10, 11, 12, 13, 14, 15, 16, 17, 18]","[0, 1, 2, 3, 4, 5, -1, -1, 6, 7, 8, 9, -1, 10, 11, 12, 13, 14, 15, 16, 17, 18]"
565,"[0, 1, 2, 3, 4, 5, 6, 7, 8, 9, 10, 11, 12, 13, 14, 15, -1, -1, 16, 17, 18, 19, 20, 21, 22, 23, 24, 25, 26, 27, 28, 29, 30, 31, 32, 33, 34, 35]","[0, 1, 2, 3, 4, 5, 6, 7, 8, 9, 10, 11, 12, 13, 14, 15, 16, 17, -1, 18, 19, 20, 21, 22, 23, 24, 25, 26, 27, 28, 29, 30, 31, 32, 33, 34, 35, 36]"
3517,"[0, 1, -1, 2, 3, 4, 5, 6, 7, 8, 9, 10, 11, 12, 13, 14, 15, 16, 17, -1, -1, -1, 18, 19]","[0, 1, 2, 3, 4, 5, 6, 7, 8, 9, 10, 11, 12, 13, 14, 15, 16, 17, 18, 19, 20, 21, 22, 23]"
1526,"[0, 1, 2, 3, 4, 5, -1, -1, -1, -1, -1, -1, -1, -1, -1, -1, -1, -1, -1]","[0, 1, 2, 3, 4, 5, 6, 7, 8, 9, 10, 11, 12, 13, 14, 15, 16, 17, 18]"
616,"[0, 1, 2, 3, 4, 5, 6, 7, -1, -1, -1, -1, -1, 8, 9, 10, 11, 12, 13]","[0, 1, 2, 3, 4, 5, 6, 7, 8, 9, 10, 11, 12, -1, -1, -1, 13, 14, 15]"
2631,"[0, 1, 2, 3, 4, 5, -1, -1, 6, 7, 8, 9, 10, 11, 12, 13, 14, 15, 16, 17, 18]","[0, 1, 2, 3, 4, 5, 6, 7, -1, -1, 8, 9, 10, 11, 12, 13, 14, 15, 16, 17, 18]"
259,"[0, 1, 2, 3, 4, 5, 6, 7, 8, 9, 10, 11, 12, 13, -1, -1, -1, -1]","[0, 1, 2, 3, 4, 5, 6, 7, 8, 9, 10, 11, 12, 13, 14, 15, 16, 17]"
111,"[-1, 0, 1, 2, 3, -1, -1, -1, 4, -1, 5, 6, 7, -1, -1, -1, -1, -1, -1, 8, 9, 10]","[0, -1, -1, 1, 2, 3, 4, 5, 6, 7, 8, 9, 10, 11, 12, 13, 14, 15, 16, -1, 17, 18]"
3673,"[0, 1, 2, 3, 4, 5, 6, 7, 8, 9, -1, -1, -1, -1, -1, -1, -1]","[0, 1, 2, 3, 4, 5, 6, 7, 8, 9, 10, 11, 12, 13, 14, 15, 16]"
3097,"[0, 1, 2, 3, 4, 5, 6, 7, 8, 9, 10, 11, 12, 13, 14, 15, -1, -1, -1, -1, -1, -1, -1, -1, 16, 17, 18, 19, 20, 21, 22, 23, 24, -1, -1, 25, 26, 27, 28, -1, -1, -1, -1, -1, -1, -1, -1, -1, -1, 29, 30, 31]","[0, 1, 2, 3, 4, 5, 6, 7, 8, 9, -1, 10, 11, 12, 13, 14, 15, 16, 17, 18, 19, 20, 21, 22, 23, 24, 25, 26, 27, 28, 29, 30, 31, 32, 33, 34, 35, 36, 37, 38, 39, 40, 41, 42, 43, 44, 45, 46, 47, -1, -1, -1]"
1783,"[0, 1, 2, 3, 4, -1, -1, -1, -1, -1, -1, -1, -1, -1]","[0, 1, 2, 3, 4, 5, 6, 7, 8, 9, 10, 11, 12, 13]"
2337,"[0, 1, 2, 3, 4, -1, -1, -1, 5, 6, 7, 8, 9, 10, 11, 12, 13, 14, 15, 16, 17, 18]","[0, 1, 2, 3, 4, 5, 6, 7, -1, -1, 8, 9, 10, 11, 12, 13, 14, 15, 16, 17, 18, 19]"
705,"[0, 1, -1, -1, 2, 3, 4, 5, -1, -1, -1, -1, 6, 7, 8, 9, 10, 11, 12, 13, 14, 15]","[0, 1, 2, 3, -1, -1, 4, 5, 6, 7, 8, 9, -1, 10, 11, 12, 13, 14, 15, 16, 17, 18]"
2090,"[0, 1, 2, 3, 4, 5, -1, -1, -1, 6, 7, 8, 9, 10, 11, 12, 13, 14, 15, 16, 17, 18, 19, 20, 21]","[0, 1, 2, 3, 4, 5, 6, 7, 8, -1, 9, 10, 11, 12, 13, 14, 15, 16, 17, 18, 19, 20, 21, 22, 23]"
433,"[0, 1, 2, 3, 4, 5, 6, 7, 8, 9, 10, -1, -1, -1, -1, -1, -1, -1, -1, -1, -1, -1, -1, 11, 12, 13, 14, 15, 16, -1, -1, 17, 18, 19, 20, 21, 22, 23, 24, 25, 26, 27, 28, 29, 30, 31, 32, 33, 34, 35, 36, -1, -1, -1, 37, 38, 39, 40, 41]","[0, 1, 2, 3, 4, 5, -1, 6, 7, 8, 9, 10, 11, 12, 13, 14, 15, 16, 17, 18, 19, 20, 21, 22, 23, 24, 25, 26, 27, 28, 29, -1, 30, 31, 32, 33, 34, 35, -1, -1, -1, -1, -1, -1, -1, -1, -1, -1, -1, 36, 37, 38, 39, 40, 41, 42, 43, 44, 45]"
2325,"[0, 1, 2, -1, -1, 3, 4, 5, 6, 7, 8, 9, 10, 11, 12, 13, 14]","[0, 1, 2, 3, 4, 5, 6, -1, 7, 8, 9, 10, 11, 12, 13, 14, 15]"
3036,"[0, 1, 2, 3, 4, 5, 6, 7, 8, 9, 10, -1, -1, -1, -1, -1, -1, -1, -1, -1]","[0, 1, 2, 3, 4, 5, 6, 7, 8, 9, 10, 11, 12, 13, 14, 15, 16, 17, 18, 19]"
431,"[0, 1, 2, 3, 4, 5, -1, 6, 7, 8, 9, 10, 11, 12, -1, 13, 14, 15, 16, 17, 18, 19, 20]","[0, 1, 2, 3, 4, 5, 6, -1, 7, -1, 8, 9, 10, 11, 12, -1, 13, 14, 15, 16, 17, 18, 19]"
1252,"[0, 1, 2, 3, 4, 5, 6, 7, 8, 9, 10, 11, 12, 13, -1, -1, 14, 15, 16]","[0, 1, 2, 3, 4, 5, 6, 7, 8, 9, 10, 11, 12, 13, 14, 15, -1, -1, 16]"
2166,"[0, 1, 2, 3, 4, 5, 6, 7, 8, 9, 10, 11, 12, 13, 14, 15, 16, 17, 18]","[0, 1, 2, -1, 3, 4, 5, 6, 7, 8, 9, 10, 11, 12, 13, 14, 15, 16, 17]"
2705,"[0, 1, 2, 3, 4, 5, 6, 7, 8, 9, 10, 11, 12, 13, 14, 15, 16, 17, 18, 19, 20, 21]","[0, 1, 2, 3, 4, 5, 6, 7, 8, 9, 10, 11, 12, 13, 14, 15, 16, 17, 18, 19, 20, 21]"
3799,"[0, 1, 2, 3, 4, 5, 6]","[0, 1, 2, 3, 4, 5, 6]"
2130,"[0, 1, 2, 3, 4, 5, 6, 7, -1, -1, -1, -1, -1]","[0, 1, 2, 3, 4, 5, 6, 7, 8, 9, 10, 11, 12]"
2359,"[0, 1, 2, 3, 4, 5, 6, 7, 8, 9, 10, 11, 12, 13, 14, 15, 16, 17, -1, 18, 19, 20]","[0, 1, 2, 3, 4, 5, 6, 7, 8, 9, 10, 11, 12, 13, 14, 15, 16, 17, 18, 19, 20, 21]"
2900,"[0, 1, 2, 3, 4, 5, 6, 7, 8, 9, 10, 11, 12, 13, 14, 15, 16, 17, 18]","[0, 1, 2, 3, 4, 5, 6, 7, 8, 9, 10, 11, 12, 13, 14, 15, 16, 17, 18]"
895,"[0, 1, 2, 3, 4, 5, 6, 7, 8, 9, 10, 11, 12, 13, 14, 15, 16, 17, 18]","[0, 1, 2, 3, 4, 5, 6, 7, 8, 9, 10, 11, 12, -1, 13, 14, 15, 16, 17]"
3830,"[0, 1, 2, 3, 4, 5, 6, 7, 8, 9, 10, 11, 12, 13, 14]","[0, 1, 2, 3, 4, 5, 6, 7, 8, 9, 10, 11, 12, 13, 14]"
1440,"[0, 1, 2, 3, 4, 5, 6, 7, 8, 9, 10, 11, -1, 12, 13, 14, 15, 16, 17, 18]","[0, 1, 2, 3, 4, 5, 6, 7, 8, 9, 10, 11, 12, -1, 13, 14, 15, 16, 17, 18]"
3483,"[0, 1, 2, 3, 4, 5, 6, 7, 8, 9, 10, 11, 12, 13, 14, 15, 16, 17, 18]","[0, 1, 2, 3, 4, 5, 6, 7, 8, 9, 10, 11, 12, 13, 14, 15, 16, 17, 18]"
2668,"[0, 1, 2, 3, 4, -1, -1, -1, -1, -1, -1, -1]","[0, 1, 2, 3, 4, 5, 6, 7, 8, 9, 10, 11]"
98,"[-1, -1, 0, 1, 2, -1, -1, -1, -1, -1, 3, 4, 5, 6, 7, 8, 9, 10, -1, 11, 12, 13, 14]","[0, 1, -1, -1, 2, 3, 4, 5, 6, 7, 8, -1, 9, 10, 11, 12, 13, 14, 15, -1, 16, 17, 18]"
2190,"[0, 1, -1, -1, 2, 3, 4, -1, -1, -1, -1, -1, -1, 5, 6, 7, 8, 9, 10, 11, 12, -1, -1, -1, -1, -1, -1, -1, -1, 13, 14]","[0, 1, 2, 3, -1, -1, 4, 5, 6, 7, 8, 9, 10, -1, -1, -1, -1, -1, -1, -1, 11, 12, 13, 14, 15, 16, 17, 18, 19, -1, -1]"
1759,"[-1, -1, -1, -1, -1, -1, 0, 1, 2, 3, -1, 4, 5, 6, -1, 7, 8, 9, 10, 11, 12]","[0, 1, 2, 3, 4, 5, 6, 7, 8, 9, 10, -1, 11, 12, 13, -1, 14, 15, 16, 17, 18]"
815,"[0, 1, 2, 3, 4, 5, -1, -1, 6, 7, 8, 9, 10, 11, 12]","[0, 1, -1, -1, -1, 2, 3, 4, 5, 6, 7, 8, 9, 10, 11]"
611,"[-1, 0, 1, 2, -1, -1, -1, 3, 4, 5, -1, 6, 7, 8, 9, 10, 11, 12, 13, 14, 15, 16, 17, 18, 19, 20]","[0, 1, 2, 3, 4, 5, 6, -1, 7, 8, 9, -1, 10, 11, 12, 13, 14, 15, 16, 17, 18, 19, 20, 21, 22, 23]"
1713,"[0, 1, 2, 3, 4, 5, 6, 7, 8, 9, 10, 11, 12, 13, -1, -1, -1, -1, -1, -1, -1, -1]","[0, 1, 2, 3, 4, 5, 6, 7, -1, 8, 9, 10, 11, 12, 13, 14, 15, 16, 17, 18, 19, 20]"
2491,"[0, 1, 2, 3, -1, 4, 5, 6, 7, 8, -1, -1, 9, 10, 11, 12, 13, 14, 15, 16, 17]","[0, 1, 2, 3, 4, -1, -1, -1, 5, 6, 7, 8, 9, 10, 11, 12, 13, 14, 15, 16, 17]"
2541,"[0, 1, 2, 3, 4, 5, 6, 7, 8, 9, 10, 11, 12, 13, 14, 15, 16, 17, 18, 19, 20, 21]","[0, 1, 2, 3, 4, 5, 6, 7, 8, 9, 10, 11, 12, 13, 14, 15, 16, 17, 18, 19, 20, 21]"
600,"[0, 1, 2, 3, 4, 5, 6, 7, 8, 9, 10, 11, 12, -1, 13, 14, -1, -1, -1, -1, 15, 16, 17, -1, 18, 19, 20, 21, 22, 23]","[0, 1, 2, 3, 4, 5, 6, 7, 8, 9, -1, -1, 10, 11, 12, 13, 14, 15, 16, 17, 18, 19, 20, 21, 22, 23, -1, 24, 25, 26]"
1704,"[0, 1, 2, 3, 4, 5, 6, 7, 8, 9, 10, 11, 12, 13, 14, 15, 16, 17, 18]","[0, 1, 2, 3, 4, 5, 6, 7, 8, 9, 10, 11, 12, 13, 14, 15, 16, 17, 18]"
168,"[0, 1, 2, 3, 4, 5, -1, 6, 7, 8, 9, -1, -1, -1, -1, 10, 11, 12, 13, -1, -1, -1, -1, -1, -1, -1]","[0, 1, 2, 3, 4, 5, 6, -1, -1, 7, 8, 9, 10, 11, 12, 13, -1, 14, 15, 16, 17, 18, 19, 20, 21, 22]"
777,"[0, 1, 2, 3, 4, 5, 6, -1, -1, 7, 8, 9, 10, 11, 12]","[-1, -1, 0, -1, 1, 2, 3, 4, 5, 6, -1, 7, 8, 9, 10]"
2563,"[0, 1, 2, 3, 4, 5, 6, 7, 8, 9, 10, 11, 12, 13, 14, -1, -1, -1, -1, 15, 16, -1, -1, -1, 17, 18, 19, 20, 21, 22]","[0, 1, 2, 3, 4, 5, 6, 7, 8, 9, 10, 11, 12, 13, 14, 15, 16, 17, 18, 19, 20, 21, 22, 23, -1, 24, 25, 26, 27, 28]"
2255,"[0, 1, 2, 3, 4, 5, 6, 7, 8, 9, 10, 11, 12, 13, 14, 15, 16, 17, 18, 19, 20, 21]","[0, 1, 2, 3, 4, 5, 6, 7, 8, 9, 10, 11, 12, 13, 14, 15, 16, 17, 18, 19, 20, 21]"
1249,"[0, 1, 2, 3, 4, 5, 6, 7, 8, 9, 10, 11, 12, 13, -1, -1, -1, -1, 14]","[0, 1, 2, 3, 4, 5, 6, 7, 8, 9, 10, 11, 12, 13, 14, 15, 16, 17, -1]"
3490,"[0, 1, 2, 3, -1, -1, -1, -1, -1, -1, -1, -1, -1, -1, 4, 5, -1, -1, -1, -1, 6, 7, 8]","[0, 1, 2, 3, 4, 5, 6, 7, 8, 9, 10, 11, 12, 13, -1, 14, 15, 16, 17, 18, -1, -1, -1]"
1616,"[0, 1, 2, 3, -1, 4, 5, 6, 7, 8, 9, 10, 11]","[0, 1, 2, 3, 4, -1, 5, -1, 6, 7, 8, 9, 10]"
255,"[0, -1, -1, -1, 1, 2, 3, 4, 5, 6, 7, 8, 9, -1, -1, 10, -1, 11, 12, 13, 14, 15, 16, 17, 18, 19]","[0, 1, 2, 3, -1, 4, 5, 6, -1, -1, 7, 8, 9, 10, 11, 12, 13, -1, 14, 15, 16, 17, 18, 19, 20, 21]"
595,"[0, 1, 2, -1, -1, -1, 3, 4, 5, 6, 7, 8, 9, -1, 10, 11, 12]","[0, 1, 2, 3, 4, 5, 6, 7, -1, 8, 9, 10, 11, 12, 13, 14, 15]"
53,"[0, 1, 2, 3, 4, 5, 6, 7, 8, 9, 10, 11, 12, 13, 14, -1, -1, 15, 16, 17, 18, 19]","[0, 1, 2, 3, 4, 5, 6, 7, 8, 9, 10, 11, 12, 13, 14, 15, 16, -1, 17, 18, 19, 20]"
2016,"[0, 1, 2, 3, 4, 5, 6, 7, 8, 9, 10, 11]","[0, 1, 2, 3, 4, 5, 6, 7, 8, 9, 10, 11]"
615,"[0, 1, 2, 3, 4, 5, 6, 7, 8, 9, 10, 11, 12, 13, -1, 14, 15, 16, 17, 18, 19]","[0, 1, 2, 3, 4, 5, 6, 7, 8, 9, 10, 11, 12, 13, 14, -1, -1, 15, 16, 17, 18]"
2129,"[0, 1, 2, 3, -1, -1, -1, -1, -1, 4, 5, -1, -1, 6, 7, 8, 9, -1, -1, 10, 11, 12, 13, 14]","[0, 1, 2, 3, 4, 5, 6, 7, 8, 9, 10, 11, 12, 13, 14, 15, 16, 17, 18, -1, -1, 19, 20, 21]"
843,"[0, 1, 2, 3, 4, 5, 6, 7, 8, 9, 10, 11, 12, 13, 14, 15, -1, -1, -1, -1, 16, 17, 18, 19, -1, -1, -1, 20, 21, 22, 23, 24, 25, 26, 27, 28]","[0, 1, 2, 3, 4, 5, 6, 7, 8, 9, 10, 11, 12, 13, 14, 15, 16, 17, 18, 19, 20, 21, -1, 22, 23, 24, 25, -1, -1, 26, 27, 28, 29, 30, -1, 31]"
1586,"[0, 1, 2, 3, 4, 5, 6, 7, 8, 9, 10, 11, 12, 13, 14, 15, 16, 17, 18, 19, 20, 21, 22, 23, 24, 25, 26]","[0, 1, 2, 3, 4, 5, -1, -1, -1, 6, 7, 8, 9, 10, 11, 12, 13, 14, 15, 16, 17, 18, 19, 20, 21, 22, 23]"
3370,"[0, 1, 2, 3, 4, 5, 6, 7, 8, 9, 10, 11, 12, 13, -1, 14, 15, 16, 17, 18]","[0, 1, 2, 3, 4, 5, 6, 7, 8, 9, 10, 11, 12, 13, 14, 15, 16, 17, 18, -1]"
2744,"[0, 1, -1, -1, 2, 3, 4, -1, -1, 5, 6, 7, 8, 9, 10, 11, 12, 13, 14, 15, 16, 17, 18, 19, 20]","[0, 1, 2, 3, -1, -1, 4, 5, 6, -1, -1, 7, 8, 9, 10, 11, 12, 13, 14, 15, 16, 17, 18, 19, 20]"
730,"[0, 1, 2, 3, -1, -1, -1, 4, 5, -1, 6, 7, -1, -1, 8, 9, -1, -1, -1, -1, -1, -1, 10, 11, 12, 13]","[0, -1, 1, 2, 3, 4, 5, 6, 7, 8, -1, 9, 10, 11, -1, 12, 13, 14, 15, 16, 17, 18, -1, -1, -1, -1]"
3161,"[0, 1, 2, 3, 4, 5, 6, 7, 8, 9, 10, -1, -1, -1, 11, 12, 13, 14, 15]","[0, 1, 2, 3, 4, 5, 6, 7, 8, 9, 10, 11, 12, 13, -1, -1, -1, 14, 15]"
394,"[0, 1, 2, 3, -1, 4, 5, 6, 7, -1, -1, -1, -1, -1, -1, -1, -1, -1, 8, 9, 10, 11]","[0, 1, 2, 3, 4, -1, -1, 5, 6, 7, 8, 9, 10, 11, 12, 13, 14, 15, -1, 16, 17, 18]"
1129,"[0, 1, 2, 3, 4, 5, 6, 7, 8, 9, 10, 11, 12, 13, 14, 15, -1, -1, -1, -1, -1, -1, -1, -1, -1, -1, -1, -1, 16, 17, 18]","[-1, -1, -1, -1, -1, -1, -1, -1, -1, 0, 1, 2, 3, -1, 4, 5, 6, 7, 8, 9, 10, 11, 12, 13, 14, 15, 16, 17, 18, 19, 20]"
984,"[0, 1, 2, 3, 4, 5, 6, 7, 8, 9, 10, 11, 12, 13, 14, 15, 16, 17, 18, 19, 20]","[0, 1, 2, 3, 4, 5, 6, 7, 8, 9, 10, 11, 12, 13, 14, 15, 16, 17, 18, 19, 20]"
3949,"[0, 1, 2, 3, 4, 5, 6, 7, 8, 9, 10, 11, 12]","[0, 1, 2, 3, 4, 5, 6, 7, 8, 9, 10, 11, 12]"
3090,"[0, 1, 2, 3, 4, 5, 6, 7, -1, -1, 8, 9, 10, 11, 12, 13, 14, 15]","[0, 1, 2, 3, 4, 5, 6, 7, 8, 9, -1, -1, 10, 11, 12, 13, 14, 15]"
3745,"[0, 1, 2, 3, 4, 5, 6, 7, 8, 9, 10, 11, 12, 13, 14, 15, 16, 17, 18]","[0, 1, 2, 3, 4, 5, 6, 7, 8, 9, 10, 11, 12, 13, 14, 15, 16, 17, 18]"
3676,"[0, -1, 1, 2, 3, -1, -1, 4, 5, 6, 7, 8, 9, 10, 11, 12, 13, 14, 15, 16, 17]","[0, 1, -1, 2, 3, 4, 5, -1, 6, 7, 8, 9, 10, 11, 12, 13, 14, 15, 16, 17, 18]"
1658,"[0, 1, 2, 3, 4, 5, -1, 6, 7, 8, 9, 10, 11, 12, 13, 14, 15, 16, 17, -1, 18]","[0, 1, 2, 3, 4, 5, 6, -1, -1, -1, -1, 7, 8, 9, 10, 11, 12, 13, 14, 15, 16]"
3678,"[0, 1, 2, 3, 4, 5, 6, 7, 8, 9, 10, 11, 12, 13, 14, 15, 16]","[0, 1, 2, 3, 4, 5, 6, 7, 8, 9, 10, 11, 12, 13, 14, 15, 16]"
719,"[0, 1, 2, 3, 4, 5, 6, 7, 8, 9, 10, -1, -1, -1, 11, 12, 13, 14, 15, 16, -1, -1]","[0, 1, 2, 3, 4, 5, 6, 7, 8, 9, 10, 11, 12, 13, -1, -1, 14, 15, 16, 17, 18, 19]"
3528,"[0, 1, -1, 2, 3, 4, 5, 6, 7, 8, 9, -1, 10, 11, 12, 13, 14, 15, 16, 17]","[0, 1, 2, 3, 4, 5, 6, 7, 8, 9, 10, 11, -1, -1, 12, 13, 14, 15, 16, 17]"
3310,"[0, 1, 2, 3, 4, 5, 6, 7, 8, 9, 10, 11, 12, 13, 14, 15, 16, 17, -1, 18, 19, 20, 21, 22, 23]","[0, 1, 2, 3, 4, 5, 6, 7, 8, 9, 10, 11, 12, 13, 14, 15, 16, 17, 18, -1, -1, -1, -1, 19, 20]"
1372,"[0, 1, 2, -1, -1, 3, 4, 5, 6, -1, 7, -1, -1, -1, 8]","[0, 1, 2, 3, 4, 5, 6, 7, 8, 9, 10, 11, 12, 13, -1]"
1289,"[0, 1, 2, 3, -1, -1, 4, 5, 6, 7, 8, 9, 10, 11, 12, -1, 13]","[0, 1, 2, 3, 4, 5, 6, 7, 8, 9, 10, 11, 12, 13, 14, 15, -1]"
768,"[0, 1, 2, 3, 4, 5, 6, 7, 8, 9, 10, 11, 12, -1, 13, 14, 15, 16]","[0, 1, 2, 3, 4, 5, 6, 7, 8, 9, 10, 11, 12, 13, 14, 15, 16, 17]"
1155,"[0, 1, 2, 3, 4, 5, 6, 7, 8, 9, 10, 11, -1, -1, -1, -1, -1, -1]","[-1, -1, -1, -1, -1, 0, 1, 2, 3, 4, 5, 6, 7, 8, 9, 10, 11, 12]"
2622,"[0, 1, 2, 3, 4, 5, 6, 7, 8, 9, 10, 11, 12, 13, 14, 15, 16, 17, 18]","[0, 1, 2, 3, 4, 5, 6, 7, 8, 9, 10, 11, 12, 13, 14, 15, 16, 17, 18]"
373,"[0, 1, 2, 3, 4, 5, 6, 7, 8, 9, 10, 11]","[0, 1, 2, 3, 4, 5, 6, 7, 8, 9, 10, 11]"
816,"[0, 1, 2, 3, 4, 5, 6, 7, 8, 9, 10, 11, 12, 13, 14, 15, -1, 16, -1, -1, -1, -1, -1, -1, -1, -1, -1, -1, 17, 18]","[0, 1, 2, 3, 4, 5, 6, 7, 8, 9, 10, 11, 12, 13, 14, 15, 16, 17, 18, 19, 20, 21, 22, 23, 24, 25, 26, 27, -1, -1]"
3130,"[0, 1, 2, -1, 3, 4, -1, 5, 6, 7, 8, 9]","[0, 1, 2, 3, -1, 4, 5, -1, 6, 7, 8, 9]"
1993,"[0, 1, 2, 3, 4, 5, 6, 7, 8, 9, 10, 11, 12, 13, 14]","[0, 1, 2, 3, 4, 5, 6, 7, 8, 9, 10, 11, 12, 13, 14]"
991,"[0, 1, 2, 3, 4, 5, 6, 7, 8, 9, -1, 10, 11, 12, 13, 14, 15]","[0, 1, 2, 3, 4, 5, 6, 7, 8, 9, 10, 11, 12, 13, 14, 15, 16]"
2332,"[0, -1, 1, 2, 3, 4, 5, 6, 7, -1, -1, -1, -1, -1, -1, -1, -1, 8, -1, -1, -1, -1]","[0, 1, -1, 2, 3, 4, 5, 6, 7, 8, 9, 10, 11, 12, 13, 14, 15, 16, 17, 18, 19, 20]"
2721,"[0, 1, 2, -1, 3, 4, 5, 6, -1, -1, 7, 8, 9, 10, 11, 12, 13, 14, 15, 16, 17, 18, 19, 20, 21, 22, 23, 24, 25, 26, 27, -1, -1, -1, 28, 29, 30, 31]","[0, 1, 2, 3, 4, 5, 6, 7, 8, 9, 10, 11, 12, 13, 14, 15, 16, 17, 18, 19, 20, 21, 22, 23, 24, 25, 26, 27, 28, 29, 30, 31, 32, 33, 34, 35, 36, 37]"
2768,"[0, 1, 2, 3, 4, 5, 6, 7, 8, 9]","[0, 1, 2, 3, 4, 5, 6, 7, 8, 9]"
1719,"[0, 1, 2, 3, 4, 5, 6, 7, 8, 9, 10, 11, 12]","[0, 1, 2, 3, 4, 5, 6, 7, 8, 9, 10, 11, 12]"
993,"[0, 1, 2, 3, 4, -1, 5, 6, 7, 8, 9, 10, 11, 12, 13, 14, 15, 16, 17, 18, 19, 20, 21]","[0, 1, -1, 2, 3, 4, 5, 6, 7, 8, 9, 10, 11, 12, 13, 14, 15, 16, 17, 18, 19, 20, 21]"
1127,"[0, 1, 2, 3, 4, 5, 6, 7, -1, 8, 9, 10, 11, 12, 13]","[0, 1, 2, 3, 4, 5, 6, 7, 8, 9, 10, 11, 12, 13, 14]"
3408,"[0, 1, 2, 3, 4, 5, 6, 7, 8, 9, 10, 11, 12, 13, 14, 15, 16, 17]","[0, 1, 2, 3, 4, 5, 6, 7, 8, 9, 10, 11, 12, 13, 14, 15, 16, 17]"
1593,"[0, 1, 2, 3, -1, -1, -1, 4, 5, 6, 7, 8, 9, 10, 11, 12, 13, 14, 15]","[0, 1, 2, 3, 4, 5, 6, -1, -1, -1, 7, -1, -1, 8, 9, 10, 11, 12, 13]"
1551,"[0, 1, 2, 3, 4, 5, 6, 7, 8, 9, 10, 11, 12, -1, -1, -1, -1, -1, -1]","[0, 1, 2, 3, 4, 5, 6, 7, 8, 9, 10, 11, 12, 13, 14, 15, 16, 17, 18]"
1468,"[0, 1, 2, 3, 4, 5, -1, -1, -1, -1, -1, -1, -1, -1, -1, -1, -1, 6, 7, 8, 9, 10, 11, 12]","[0, 1, 2, 3, 4, 5, 6, 7, 8, 9, 10, 11, 12, 13, 14, 15, 16, -1, -1, 17, 18, -1, -1, -1]"
335,"[0, 1, 2, 3, 4, 5, 6, -1, -1, -1, 7, 8, 9, -1, 10, 11, -1, 12, 13, 14, 15, 16, 17, 18, 19, -1, -1, -1, -1, -1, -1, -1, -1, -1, -1, -1, 20, 21, 22, 23, 24, -1, -1, -1, -1, -1, -1, -1, 25, 26, 27, 28, 29, 30, 31, 32, 33]","[0, 1, 2, 3, 4, 5, 6, 7, 8, 9, 10, 11, 12, 13, 14, 15, 16, 17, 18, 19, 20, 21, 22, 23, 24, 25, 26, 27, 28, 29, 30, 31, 32, 33, 34, 35, 36, 37, 38, 39, 40, 41, 42, 43, 44, 45, 46, 47, -1, -1, 48, 49, 50, -1, 51, 52, 53]"
4005,"[0, 1, 2, 3, 4, 5, 6, 7, 8, 9, 10, 11, 12, 13, 14, 15, 16, 17, 18, -1, 19, 20, 21]","[0, 1, 2, 3, 4, 5, 6, 7, 8, 9, 10, 11, 12, 13, 14, 15, 16, 17, 18, 19, 20, 21, 22]"
2006,"[0, 1, 2, 3, 4, 5, 6, 7, -1, -1, -1, 8, 9, 10, 11, 12, 13, -1, 14, 15, 16]","[0, 1, 2, 3, 4, 5, 6, 7, 8, 9, 10, -1, 11, 12, 13, 14, 15, 16, -1, 17, 18]"
1826,"[0, 1, 2, 3, 4, -1, 5, 6, 7, 8, -1, -1, 9, 10, 11]","[0, 1, 2, 3, 4, 5, 6, 7, 8, 9, 10, 11, -1, 12, 13]"
1518,"[-1, 0, 1, 2, 3, 4, -1, -1, -1, 5, 6, 7, 8, 9, -1, -1, -1, 10, 11, 12, 13, 14]","[0, -1, -1, -1, 1, 2, 3, 4, 5, 6, 7, 8, 9, 10, 11, 12, 13, 14, 15, 16, 17, 18]"
3784,"[0, 1, 2, 3, 4, 5, 6, 7, 8, 9, 10, 11, 12]","[0, 1, 2, 3, 4, 5, 6, 7, 8, 9, 10, 11, 12]"
1007,"[0, 1, 2, 3, 4, -1, 5, 6, -1, 7, 8, 9, 10]","[0, -1, 1, 2, 3, 4, -1, 5, 6, -1, 7, 8, 9]"
2989,"[0, 1, 2, 3, 4, 5, 6, 7, 8, 9, 10, 11, 12, 13, 14]","[0, 1, 2, 3, 4, 5, 6, 7, 8, 9, 10, 11, 12, 13, 14]"
1997,"[0, 1, 2, 3, 4, 5, 6, 7, 8, 9, 10, 11, 12, 13, 14]","[0, 1, 2, 3, 4, 5, 6, -1, 7, 8, 9, 10, 11, 12, 13]"
3107,"[0, 1, 2, 3, 4, 5, 6, 7, 8, 9, 10, 11, 12, 13, 14, 15, 16, 17, 18, 19, 20, 21, 22, 23, 24, 25, 26, 27, 28, 29, 30, -1, -1]","[0, 1, 2, 3, 4, 5, 6, 7, 8, 9, 10, 11, 12, 13, 14, 15, 16, 17, 18, 19, 20, 21, 22, 23, 24, 25, 26, 27, 28, 29, 30, 31, 32]"
949,"[0, 1, 2, 3, 4, 5, 6, -1, -1, 7, 8, -1, -1, -1, -1, -1, -1, -1, -1, 9, 10, 11, 12, 13, 14, -1]","[0, -1, 1, 2, 3, 4, 5, 6, 7, -1, 8, 9, 10, 11, 12, 13, 14, 15, 16, -1, -1, -1, -1, -1, 17, 18]"
1178,"[0, -1, -1, -1, 1, 2, 3, 4, -1, -1, -1, -1, 5]","[0, 1, 2, 3, -1, -1, 4, 5, 6, 7, 8, 9, -1]"
2508,"[0, 1, 2, 3, 4, -1, -1, -1, 5, 6, -1, -1, -1, -1, -1, -1, -1, -1, -1]","[0, 1, 2, 3, 4, 5, 6, 7, -1, 8, 9, 10, 11, 12, 13, 14, 15, 16, 17]"
1122,"[0, 1, 2, 3, 4, 5, 6]","[0, 1, 2, 3, 4, 5, 6]"
3340,"[0, 1, 2, 3, 4, 5, 6, 7, -1, -1, -1, -1, 8, 9, 10, 11, 12, 13, 14, 15, 16, 17, 18, 19, 20, 21, 22, 23, 24, -1, 25, 26, 27, 28, 29, 30, 31, 32]","[0, 1, 2, 3, 4, 5, 6, 7, 8, 9, 10, 11, -1, 12, 13, 14, 15, 16, 17, 18, 19, 20, 21, 22, 23, 24, 25, 26, 27, 28, -1, 29, 30, 31, 32, 33, 34, 35]"
965,"[0, 1, 2, 3, 4, 5, 6, 7, 8, 9, 10, 11, -1, 12, 13, 14, -1, 15, 16, 17]","[0, 1, 2, 3, 4, 5, 6, 7, 8, 9, 10, 11, 12, -1, 13, 14, 15, 16, 17, 18]"
3815,"[0, 1, 2, 3, 4, 5, 6, 7, 8, 9, 10, 11]","[0, 1, 2, 3, 4, 5, 6, 7, 8, 9, 10, 11]"
1499,"[0, 1, 2, 3, 4, 5, 6, -1, -1, 7, 8, 9, 10, 11, 12]","[0, 1, 2, 3, 4, 5, 6, 7, 8, 9, 10, 11, 12, 13, 14]"
128,"[0, 1, 2, 3, 4, 5, 6, 7, 8, 9, 10, 11, 12, 13, 14, 15, 16, 17]","[0, 1, 2, 3, 4, 5, 6, 7, 8, 9, 10, 11, 12, 13, 14, 15, 16, 17]"
1556,"[0, 1, 2, 3, 4, 5, 6, 7, 8, -1, -1, -1, -1, -1, -1, 9, 10, 11, 12]","[0, 1, 2, 3, 4, 5, 6, 7, 8, 9, 10, 11, 12, 13, 14, -1, -1, -1, -1]"
2499,"[0, 1, 2, -1, -1, -1, -1, -1, -1, -1, -1, -1, 3, 4, 5, -1, -1, -1, -1, -1, -1, -1, 6, 7, 8]","[0, 1, 2, 3, 4, 5, 6, 7, 8, 9, 10, 11, 12, -1, 13, 14, 15, 16, 17, 18, 19, 20, -1, -1, -1]"
3258,"[0, 1, 2, 3, 4, 5, 6, 7, 8, 9, 10, 11, 12, 13, 14, -1, -1, -1, -1, 15, 16, 17, 18]","[0, 1, 2, 3, 4, 5, 6, 7, 8, 9, 10, 11, 12, 13, 14, 15, 16, 17, 18, -1, -1, 19, 20]"
553,"[0, 1, 2, -1, 3, 4, 5, 6, 7, 8, 9, 10, 11, 12, 13, 14, 15, 16, 17, 18]","[0, 1, 2, 3, 4, 5, 6, 7, 8, 9, 10, 11, 12, 13, 14, -1, 15, 16, 17, 18]"
200,"[0, 1, 2, 3, 4, 5, 6, 7, 8, 9, 10, 11, 12, 13, 14, 15, 16, 17, 18, 19, 20, 21, -1, -1, 22, 23, 24, 25, 26, 27]","[0, 1, 2, 3, 4, 5, 6, 7, 8, 9, 10, 11, 12, 13, 14, 15, 16, 17, 18, 19, 20, 21, 22, 23, -1, -1, 24, 25, 26, 27]"
637,"[0, 1, 2, 3, 4, 5, 6, 7, 8, 9, 10, 11, 12, 13, 14, 15, 16, 17, 18, 19]","[0, 1, 2, 3, 4, 5, 6, 7, 8, 9, 10, 11, 12, 13, 14, 15, 16, 17, 18, 19]"
1795,"[0, 1, 2, 3, 4, 5, 6, 7, 8, 9, 10, 11]","[0, 1, 2, 3, 4, 5, 6, 7, 8, 9, 10, 11]"
2612,"[0, 1, 2, 3, -1, 4, 5, 6, 7, 8, 9, 10, -1, 11, 12, 13, 14, 15, 16, -1, -1, -1, -1, 17, 18, -1, -1, -1, -1, 19, 20, 21, 22, 23, -1, 24, 25, 26, 27, -1, -1, -1, -1, -1, -1]","[0, 1, 2, 3, 4, -1, 5, 6, 7, 8, 9, 10, 11, 12, -1, 13, 14, 15, 16, 17, 18, 19, 20, 21, 22, 23, 24, 25, 26, -1, 27, 28, -1, 29, 30, 31, 32, 33, 34, 35, 36, 37, 38, 39, 40]"
677,"[0, 1, 2, 3, 4, 5, 6, 7, 8, 9, 10, 11, 12, 13, 14, 15, 16, 17, 18]","[0, 1, 2, 3, 4, 5, 6, 7, 8, 9, 10, 11, 12, 13, 14, 15, 16, 17, 18]"
3935,"[0, 1, -1, 2, 3, 4, 5, 6, 7, 8, 9, 10, 11, 12, 13, 14, 15, 16, 17, 18]","[0, 1, 2, 3, 4, 5, 6, 7, 8, 9, 10, 11, 12, 13, 14, 15, 16, 17, 18, 19]"
1123,"[0, 1, 2, 3, 4, 5, 6, 7, 8, -1, -1, -1, 9, 10, -1, -1, 11]","[0, 1, -1, 2, 3, 4, 5, 6, 7, 8, 9, 10, 11, 12, 13, 14, -1]"
1090,"[0, -1, -1, 1, 2, 3, 4, 5, -1, -1, 6, 7, 8, 9, 10, 11, 12, 13, 14, 15, 16]","[0, 1, 2, -1, -1, -1, 3, 4, 5, 6, 7, 8, 9, 10, 11, 12, 13, -1, 14, 15, 16]"
3425,"[0, 1, 2, 3, 4, 5, 6, 7, 8, 9]","[0, 1, 2, 3, 4, 5, 6, 7, 8, 9]"
3402,"[0, 1, 2, 3, 4, 5, 6, 7, 8, 9, 10, 11, 12, 13, 14]","[0, 1, 2, 3, 4, 5, 6, 7, 8, 9, 10, 11, 12, 13, 14]"
416,"[0, 1, 2, 3, 4, 5, 6, 7, 8, 9, 10, 11, 12, 13, 14, 15, 16, 17, 18, 19, 20]","[0, 1, 2, 3, 4, 5, 6, 7, 8, -1, -1, 9, 10, 11, 12, 13, 14, 15, 16, 17, 18]"
130,"[0, 1, 2, 3, 4, -1, 5, 6, 7, 8, 9, -1, 10, 11, 12, 13, 14, 15, 16, 17, 18, 19]","[0, 1, 2, 3, 4, 5, 6, 7, 8, 9, 10, 11, 12, 13, 14, 15, 16, 17, 18, 19, 20, 21]"
2097,"[0, 1, 2, 3, -1, -1, -1, -1, -1, -1, -1, -1, -1, -1, -1, 4, 5, -1, 6, 7, 8, 9, 10, 11, 12, 13, 14]","[0, 1, 2, 3, 4, 5, 6, 7, 8, 9, 10, 11, 12, 13, 14, -1, 15, 16, 17, 18, 19, 20, 21, 22, -1, -1, -1]"
1172,"[0, -1, -1, 1, 2, 3, -1, 4, 5, 6, 7, 8, 9, 10, 11, 12, 13, 14, 15]","[0, 1, 2, -1, 3, 4, 5, -1, 6, 7, 8, 9, 10, 11, 12, 13, 14, 15, 16]"
2124,"[0, 1, 2, 3, 4, 5, 6, 7, 8, 9, 10, 11, 12, 13, 14, 15, 16, -1, 17, 18]","[0, 1, 2, 3, 4, 5, 6, 7, 8, 9, 10, 11, 12, 13, 14, 15, 16, 17, 18, -1]"
300,"[0, 1, 2, 3, 4, 5, 6, 7, 8, 9, 10, 11, 12, 13, 14, 15, 16, 17, 18, 19, 20, 21, 22, 23, 24]","[0, 1, 2, 3, 4, 5, 6, 7, 8, 9, 10, 11, 12, 13, 14, 15, 16, 17, 18, 19, 20, 21, 22, 23, 24]"
2566,"[0, 1, 2, 3, 4, 5, 6, 7, 8, 9, 10, 11, 12, 13, 14, 15, 16, 17, 18, 19, -1, 20, 21, 22, 23, 24]","[0, 1, 2, 3, 4, 5, 6, 7, 8, 9, 10, 11, 12, -1, 13, 14, 15, 16, 17, 18, 19, 20, 21, 22, 23, 24]"
2891,"[0, 1, 2, 3, 4, 5, 6, 7, 8, 9, 10, 11, 12, 13, 14, 15, -1, 16, 17, 18]","[0, 1, 2, 3, 4, 5, 6, 7, 8, 9, 10, 11, 12, 13, 14, 15, 16, 17, 18, 19]"
2270,"[0, 1, 2, 3, -1, -1, -1, -1, -1, -1, -1, 4, 5, 6, 7, 8, 9, 10, 11, 12, 13, 14, 15, 16, 17, 18, 19, 20, -1, -1, 21, 22, 23, -1, -1, -1, -1, -1, 24, 25, 26, -1, -1, -1, 27, 28, 29, 30, 31, 32, 33, -1, -1, -1, -1, -1, -1, -1, -1, 34, 35, 36, 37, 38, -1, -1, -1, -1, 39, 40, 41, 42, -1, -1, -1, -1, 43, 44, 45, 46, 47, 48, 49]","[0, 1, 2, 3, 4, 5, 6, 7, 8, 9, 10, 11, 12, -1, -1, -1, -1, -1, -1, -1, 13, 14, 15, 16, 17, 18, 19, 20, 21, 22, -1, -1, 23, 24, 25, 26, 27, 28, -1, 29, 30, 31, 32, 33, -1, -1, -1, -1, 34, 35, 36, 37, 38, 39, 40, 41, 42, 43, 44, -1, 45, 46, -1, 47, 48, 49, 50, 51, -1, 52, 53, 54, 55, 56, 57, 58, 59, 60, 61, 62, 63, 64, 65]"
2585,"[0, 1, 2, -1, 3, 4, -1, 5, 6, 7, 8, -1, 9, 10, 11, 12, 13, 14, 15, -1, -1, -1, 16, 17, 18, 19, 20, 21, 22]","[0, 1, 2, 3, -1, 4, 5, -1, 6, 7, 8, 9, 10, 11, 12, -1, -1, 13, 14, 15, 16, 17, 18, 19, 20, 21, 22, 23, 24]"
3985,"[0, 1, 2, 3, 4, 5, 6, 7, 8, 9, 10, 11, 12, 13, 14, 15, 16, 17, 18, 19, 20, 21, 22]","[0, 1, 2, 3, 4, 5, 6, 7, 8, 9, 10, 11, 12, 13, 14, 15, 16, 17, 18, 19, 20, 21, 22]"
3502,"[0, 1, 2, 3, 4, 5, -1, 6, 7, -1, -1, 8, 9, 10, 11, 12, 13, 14, 15, 16]","[0, 1, 2, -1, 3, 4, 5, 6, 7, 8, 9, 10, 11, 12, 13, 14, 15, 16, 17, 18]"
2334,"[-1, 0, 1, 2, 3, 4, 5, 6, 7, 8, 9, -1, -1, -1, -1, -1, -1, -1, -1, -1, -1, 10]","[0, 1, 2, 3, 4, 5, 6, 7, 8, 9, 10, 11, 12, 13, 14, 15, 16, 17, 18, 19, 20, -1]"
4015,"[0, 1, 2, 3, 4, 5, 6, 7, 8, 9, 10, -1, -1, 11, 12, 13, 14, 15, -1, -1, -1]","[0, 1, 2, 3, 4, 5, 6, 7, 8, 9, 10, 11, 12, -1, -1, 13, 14, 15, 16, 17, 18]"
2624,"[0, 1, -1, 2, 3, 4, 5, 6, 7, 8, 9, 10, 11, 12, 13, -1, -1, -1, -1, -1, -1]","[0, 1, 2, -1, -1, 3, 4, 5, 6, 7, 8, 9, 10, 11, 12, 13, 14, 15, 16, 17, 18]"
2159,"[0, 1, 2, 3, 4, 5, 6, 7, -1, -1, 8, 9, -1, -1, -1, -1, -1, 10, 11, 12, 13, 14, 15, 16, 17, 18, 19, 20]","[0, 1, 2, 3, 4, 5, 6, 7, 8, 9, 10, 11, 12, 13, 14, 15, 16, -1, -1, -1, -1, -1, -1, -1, 17, 18, -1, 19]"
3665,"[0, 1, 2, 3, 4, 5, 6, 7, 8]","[0, 1, 2, 3, -1, 4, 5, 6, 7]"
797,"[0, 1, 2, 3, 4, 5, 6, 7, 8, 9, 10, 11, 12, 13, 14, 15, 16, 17, 18, 19, 20, 21, 22, 23, 24, 25, 26, 27, 28, 29, 30, 31, 32, 33]","[0, 1, 2, 3, 4, 5, 6, 7, 8, 9, 10, 11, 12, 13, 14, 15, 16, 17, 18, 19, 20, 21, 22, 23, 24, 25, 26, 27, 28, 29, 30, 31, 32, 33]"
2460,"[0, 1, 2, -1, -1, 3, 4, 5, 6, 7, -1, -1, -1, -1, 8, 9, 10, 11, 12]","[0, 1, 2, 3, 4, 5, 6, 7, 8, 9, 10, 11, 12, 13, 14, 15, 16, 17, 18]"
287,"[0, 1, 2, 3, 4, 5, -1, 6, 7, 8, 9, 10, 11, -1, -1, -1, -1, -1, -1, -1, -1, -1]","[0, 1, 2, 3, 4, 5, 6, 7, -1, 8, 9, 10, 11, 12, 13, 14, 15, 16, 17, 18, 19, 20]"
1604,"[0, 1, 2, 3, 4, 5, 6, 7, -1, 8, 9, 10, 11, 12, 13, 14, 15, -1, 16, 17, -1, 18]","[0, 1, 2, 3, 4, 5, 6, 7, 8, -1, 9, 10, 11, 12, 13, -1, 14, 15, 16, 17, 18, -1]"
1051,"[-1, 0, 1, 2, 3, 4, 5, 6, 7, 8, 9, 10, 11, -1, -1, -1, 12, 13, 14]","[0, -1, -1, -1, -1, 1, 2, 3, -1, 4, 5, 6, 7, 8, 9, 10, 11, 12, 13]"
3810,"[0, -1, 1, 2, -1, -1, 3, 4, 5, 6, 7, 8, 9, 10, 11, 12, 13, 14, 15]","[0, 1, 2, 3, 4, 5, 6, 7, 8, 9, 10, 11, 12, 13, 14, 15, 16, 17, 18]"
725,"[0, 1, 2, 3, 4, 5, 6, 7, 8, -1, -1, -1, 9, 10, 11, 12, 13, 14]","[0, 1, 2, 3, -1, -1, -1, 4, 5, 6, 7, 8, -1, 9, 10, 11, 12, 13]"
3578,"[0, 1, 2, 3, 4, 5, 6, 7, 8, 9, 10, 11, 12, 13, 14, 15]","[0, 1, 2, 3, 4, 5, 6, 7, 8, 9, 10, 11, 12, 13, 14, 15]"
2517,"[0, -1, 1, 2, -1, -1, 3, 4, 5, -1, 6, 7, 8, 9, -1, 10, -1, -1, 11, 12, 13, 14, 15, 16, 17]","[0, 1, -1, 2, 3, 4, 5, 6, 7, 8, -1, 9, 10, 11, 12, 13, 14, 15, -1, -1, -1, -1, -1, -1, -1]"
